BFS_NR_GEMEINDE,GEMEINDE_NAME,BEZIRK_NR,BEZIRK_NAME,JAHR,KONFESSION_CODE,KONFESSION_BEZEICHNUNG,ANZAHL_PERSONEN
4401,Arbon,2011,Bezirk Arbon,2017,111,Evangelisch-reformiert,3534, 
4401,Arbon,2011,Bezirk Arbon,2017,121,Römisch-katholisch,4793, 
4401,Arbon,2011,Bezirk Arbon,2017,0,Übrige,6103, 
4406,Dozwil,2011,Bezirk Arbon,2017,111,Evangelisch-reformiert,208, 
4406,Dozwil,2011,Bezirk Arbon,2017,121,Römisch-katholisch,153, 
4406,Dozwil,2011,Bezirk Arbon,2017,0,Übrige,343, 
4411,Egnach,2011,Bezirk Arbon,2017,111,Evangelisch-reformiert,1914, 
4411,Egnach,2011,Bezirk Arbon,2017,121,Römisch-katholisch,1495, 
4411,Egnach,2011,Bezirk Arbon,2017,0,Übrige,1283, 
4416,Hefenhofen,2011,Bezirk Arbon,2017,111,Evangelisch-reformiert,421, 
4416,Hefenhofen,2011,Bezirk Arbon,2017,121,Römisch-katholisch,384, 
4416,Hefenhofen,2011,Bezirk Arbon,2017,0,Übrige,382, 
4421,Horn,2011,Bezirk Arbon,2017,111,Evangelisch-reformiert,754, 
4421,Horn,2011,Bezirk Arbon,2017,121,Römisch-katholisch,1182, 
4421,Horn,2011,Bezirk Arbon,2017,0,Übrige,801, 
4426,Kesswil,2011,Bezirk Arbon,2017,111,Evangelisch-reformiert,440, 
4426,Kesswil,2011,Bezirk Arbon,2017,121,Römisch-katholisch,289, 
4426,Kesswil,2011,Bezirk Arbon,2017,0,Übrige,270, 
4431,Roggwil,2011,Bezirk Arbon,2017,111,Evangelisch-reformiert,1157, 
4431,Roggwil,2011,Bezirk Arbon,2017,121,Römisch-katholisch,1122, 
4431,Roggwil,2011,Bezirk Arbon,2017,0,Übrige,777, 
4436,Romanshorn,2011,Bezirk Arbon,2017,111,Evangelisch-reformiert,2836, 
4436,Romanshorn,2011,Bezirk Arbon,2017,121,Römisch-katholisch,3327, 
4436,Romanshorn,2011,Bezirk Arbon,2017,0,Übrige,4764, 
4441,Salmsach,2011,Bezirk Arbon,2017,111,Evangelisch-reformiert,414, 
4441,Salmsach,2011,Bezirk Arbon,2017,121,Römisch-katholisch,435, 
4441,Salmsach,2011,Bezirk Arbon,2017,0,Übrige,562, 
4446,Sommeri,2011,Bezirk Arbon,2017,111,Evangelisch-reformiert,175, 
4446,Sommeri,2011,Bezirk Arbon,2017,121,Römisch-katholisch,248, 
4446,Sommeri,2011,Bezirk Arbon,2017,0,Übrige,142, 
4451,Uttwil,2011,Bezirk Arbon,2017,111,Evangelisch-reformiert,709, 
4451,Uttwil,2011,Bezirk Arbon,2017,121,Römisch-katholisch,521, 
4451,Uttwil,2011,Bezirk Arbon,2017,0,Übrige,622, 
4461,Amriswil,2011,Bezirk Arbon,2017,111,Evangelisch-reformiert,3682, 
4461,Amriswil,2011,Bezirk Arbon,2017,121,Römisch-katholisch,4172, 
4461,Amriswil,2011,Bezirk Arbon,2017,0,Übrige,5528, 
4471,Bischofszell,2015,Bezirk Weinfelden,2017,111,Evangelisch-reformiert,1783, 
4471,Bischofszell,2015,Bezirk Weinfelden,2017,121,Römisch-katholisch,2164, 
4471,Bischofszell,2015,Bezirk Weinfelden,2017,0,Übrige,2027, 
4476,Erlen,2015,Bezirk Weinfelden,2017,111,Evangelisch-reformiert,1331, 
4476,Erlen,2015,Bezirk Weinfelden,2017,121,Römisch-katholisch,1022, 
4476,Erlen,2015,Bezirk Weinfelden,2017,0,Übrige,1311, 
4486,Hauptwil-Gottshaus,2015,Bezirk Weinfelden,2017,111,Evangelisch-reformiert,647, 
4486,Hauptwil-Gottshaus,2015,Bezirk Weinfelden,2017,121,Römisch-katholisch,733, 
4486,Hauptwil-Gottshaus,2015,Bezirk Weinfelden,2017,0,Übrige,558, 
4495,Hohentannen,2015,Bezirk Weinfelden,2017,111,Evangelisch-reformiert,255, 
4495,Hohentannen,2015,Bezirk Weinfelden,2017,121,Römisch-katholisch,161, 
4495,Hohentannen,2015,Bezirk Weinfelden,2017,0,Übrige,186, 
4501,Kradolf-Schönenberg,2015,Bezirk Weinfelden,2017,111,Evangelisch-reformiert,1264, 
4501,Kradolf-Schönenberg,2015,Bezirk Weinfelden,2017,121,Römisch-katholisch,902, 
4501,Kradolf-Schönenberg,2015,Bezirk Weinfelden,2017,0,Übrige,1393, 
4506,Sulgen,2015,Bezirk Weinfelden,2017,111,Evangelisch-reformiert,1272, 
4506,Sulgen,2015,Bezirk Weinfelden,2017,121,Römisch-katholisch,1094, 
4506,Sulgen,2015,Bezirk Weinfelden,2017,0,Übrige,1378, 
4511,Zihlschlacht-Sitterdorf,2015,Bezirk Weinfelden,2017,111,Evangelisch-reformiert,991, 
4511,Zihlschlacht-Sitterdorf,2015,Bezirk Weinfelden,2017,121,Römisch-katholisch,731, 
4511,Zihlschlacht-Sitterdorf,2015,Bezirk Weinfelden,2017,0,Übrige,635, 
4536,Basadingen-Schlattingen,2012,Bezirk Frauenfeld,2017,111,Evangelisch-reformiert,783, 
4536,Basadingen-Schlattingen,2012,Bezirk Frauenfeld,2017,121,Römisch-katholisch,449, 
4536,Basadingen-Schlattingen,2012,Bezirk Frauenfeld,2017,0,Übrige,575, 
4545,Diessenhofen,2012,Bezirk Frauenfeld,2017,111,Evangelisch-reformiert,1287, 
4545,Diessenhofen,2012,Bezirk Frauenfeld,2017,121,Römisch-katholisch,1288, 
4545,Diessenhofen,2012,Bezirk Frauenfeld,2017,0,Übrige,1314, 
4546,Schlatt,2012,Bezirk Frauenfeld,2017,111,Evangelisch-reformiert,916, 
4546,Schlatt,2012,Bezirk Frauenfeld,2017,121,Römisch-katholisch,300, 
4546,Schlatt,2012,Bezirk Frauenfeld,2017,0,Übrige,453, 
4551,Aadorf,2014,Bezirk Münchwilen,2017,111,Evangelisch-reformiert,3087, 
4551,Aadorf,2014,Bezirk Münchwilen,2017,121,Römisch-katholisch,2888, 
4551,Aadorf,2014,Bezirk Münchwilen,2017,0,Übrige,2868, 
4561,Felben-Wellhausen,2012,Bezirk Frauenfeld,2017,111,Evangelisch-reformiert,1033, 
4561,Felben-Wellhausen,2012,Bezirk Frauenfeld,2017,121,Römisch-katholisch,847, 
4561,Felben-Wellhausen,2012,Bezirk Frauenfeld,2017,0,Übrige,910, 
4566,Frauenfeld,2012,Bezirk Frauenfeld,2017,111,Evangelisch-reformiert,8655, 
4566,Frauenfeld,2012,Bezirk Frauenfeld,2017,121,Römisch-katholisch,8591, 
4566,Frauenfeld,2012,Bezirk Frauenfeld,2017,0,Übrige,8051, 
4571,Gachnang,2012,Bezirk Frauenfeld,2017,111,Evangelisch-reformiert,1967, 
4571,Gachnang,2012,Bezirk Frauenfeld,2017,121,Römisch-katholisch,1082, 
4571,Gachnang,2012,Bezirk Frauenfeld,2017,0,Übrige,1220, 
4590,Hüttlingen,2012,Bezirk Frauenfeld,2017,111,Evangelisch-reformiert,440, 
4590,Hüttlingen,2012,Bezirk Frauenfeld,2017,121,Römisch-katholisch,137, 
4590,Hüttlingen,2012,Bezirk Frauenfeld,2017,0,Übrige,257, 
4591,Matzingen,2012,Bezirk Frauenfeld,2017,111,Evangelisch-reformiert,948, 
4591,Matzingen,2012,Bezirk Frauenfeld,2017,121,Römisch-katholisch,987, 
4591,Matzingen,2012,Bezirk Frauenfeld,2017,0,Übrige,905, 
4601,Neunforn,2012,Bezirk Frauenfeld,2017,111,Evangelisch-reformiert,592, 
4601,Neunforn,2012,Bezirk Frauenfeld,2017,121,Römisch-katholisch,139, 
4601,Neunforn,2012,Bezirk Frauenfeld,2017,0,Übrige,273, 
4606,Stettfurt,2012,Bezirk Frauenfeld,2017,111,Evangelisch-reformiert,571, 
4606,Stettfurt,2012,Bezirk Frauenfeld,2017,121,Römisch-katholisch,327, 
4606,Stettfurt,2012,Bezirk Frauenfeld,2017,0,Übrige,315, 
4611,Thundorf,2012,Bezirk Frauenfeld,2017,111,Evangelisch-reformiert,837, 
4611,Thundorf,2012,Bezirk Frauenfeld,2017,121,Römisch-katholisch,296, 
4611,Thundorf,2012,Bezirk Frauenfeld,2017,0,Übrige,318, 
4616,Uesslingen-Buch,2012,Bezirk Frauenfeld,2017,111,Evangelisch-reformiert,565, 
4616,Uesslingen-Buch,2012,Bezirk Frauenfeld,2017,121,Römisch-katholisch,265, 
4616,Uesslingen-Buch,2012,Bezirk Frauenfeld,2017,0,Übrige,262, 
4621,Warth-Weiningen,2012,Bezirk Frauenfeld,2017,111,Evangelisch-reformiert,568, 
4621,Warth-Weiningen,2012,Bezirk Frauenfeld,2017,121,Römisch-katholisch,368, 
4621,Warth-Weiningen,2012,Bezirk Frauenfeld,2017,0,Übrige,375, 
4641,Altnau,2013,Bezirk Kreuzlingen,2017,111,Evangelisch-reformiert,910, 
4641,Altnau,2013,Bezirk Kreuzlingen,2017,121,Römisch-katholisch,650, 
4641,Altnau,2013,Bezirk Kreuzlingen,2017,0,Übrige,646, 
4643,Bottighofen,2013,Bezirk Kreuzlingen,2017,111,Evangelisch-reformiert,838, 
4643,Bottighofen,2013,Bezirk Kreuzlingen,2017,121,Römisch-katholisch,638, 
4643,Bottighofen,2013,Bezirk Kreuzlingen,2017,0,Übrige,688, 
4646,Ermatingen,2013,Bezirk Kreuzlingen,2017,111,Evangelisch-reformiert,1383, 
4646,Ermatingen,2013,Bezirk Kreuzlingen,2017,121,Römisch-katholisch,945, 
4646,Ermatingen,2013,Bezirk Kreuzlingen,2017,0,Übrige,1043, 
4651,Gottlieben,2013,Bezirk Kreuzlingen,2017,111,Evangelisch-reformiert,129, 
4651,Gottlieben,2013,Bezirk Kreuzlingen,2017,121,Römisch-katholisch,109, 
4651,Gottlieben,2013,Bezirk Kreuzlingen,2017,0,Übrige,110, 
4656,Güttingen,2013,Bezirk Kreuzlingen,2017,111,Evangelisch-reformiert,650, 
4656,Güttingen,2013,Bezirk Kreuzlingen,2017,121,Römisch-katholisch,456, 
4656,Güttingen,2013,Bezirk Kreuzlingen,2017,0,Übrige,498, 
4666,Kemmental,2013,Bezirk Kreuzlingen,2017,111,Evangelisch-reformiert,1171, 
4666,Kemmental,2013,Bezirk Kreuzlingen,2017,121,Römisch-katholisch,570, 
4666,Kemmental,2013,Bezirk Kreuzlingen,2017,0,Übrige,741, 
4671,Kreuzlingen,2013,Bezirk Kreuzlingen,2017,111,Evangelisch-reformiert,4979, 
4671,Kreuzlingen,2013,Bezirk Kreuzlingen,2017,121,Römisch-katholisch,6660, 
4671,Kreuzlingen,2013,Bezirk Kreuzlingen,2017,0,Übrige,10156, 
4681,Langrickenbach,2013,Bezirk Kreuzlingen,2017,111,Evangelisch-reformiert,603, 
4681,Langrickenbach,2013,Bezirk Kreuzlingen,2017,121,Römisch-katholisch,307, 
4681,Langrickenbach,2013,Bezirk Kreuzlingen,2017,0,Übrige,397, 
4683,Lengwil,2013,Bezirk Kreuzlingen,2017,111,Evangelisch-reformiert,693, 
4683,Lengwil,2013,Bezirk Kreuzlingen,2017,121,Römisch-katholisch,457, 
4683,Lengwil,2013,Bezirk Kreuzlingen,2017,0,Übrige,559, 
4691,Münsterlingen,2013,Bezirk Kreuzlingen,2017,111,Evangelisch-reformiert,1080, 
4691,Münsterlingen,2013,Bezirk Kreuzlingen,2017,121,Römisch-katholisch,1011, 
4691,Münsterlingen,2013,Bezirk Kreuzlingen,2017,0,Übrige,1353, 
4696,Tägerwilen,2013,Bezirk Kreuzlingen,2017,111,Evangelisch-reformiert,1662, 
4696,Tägerwilen,2013,Bezirk Kreuzlingen,2017,121,Römisch-katholisch,1301, 
4696,Tägerwilen,2013,Bezirk Kreuzlingen,2017,0,Übrige,1639, 
4701,Wäldi,2013,Bezirk Kreuzlingen,2017,111,Evangelisch-reformiert,479, 
4701,Wäldi,2013,Bezirk Kreuzlingen,2017,121,Römisch-katholisch,223, 
4701,Wäldi,2013,Bezirk Kreuzlingen,2017,0,Übrige,347, 
4711,Affeltrangen,2015,Bezirk Weinfelden,2017,111,Evangelisch-reformiert,1041, 
4711,Affeltrangen,2015,Bezirk Weinfelden,2017,121,Römisch-katholisch,851, 
4711,Affeltrangen,2015,Bezirk Weinfelden,2017,0,Übrige,666, 
4716,Bettwiesen,2014,Bezirk Münchwilen,2017,111,Evangelisch-reformiert,289, 
4716,Bettwiesen,2014,Bezirk Münchwilen,2017,121,Römisch-katholisch,550, 
4716,Bettwiesen,2014,Bezirk Münchwilen,2017,0,Übrige,400, 
4721,Bichelsee-Balterswil,2014,Bezirk Münchwilen,2017,111,Evangelisch-reformiert,887, 
4721,Bichelsee-Balterswil,2014,Bezirk Münchwilen,2017,121,Römisch-katholisch,1100, 
4721,Bichelsee-Balterswil,2014,Bezirk Münchwilen,2017,0,Übrige,848, 
4723,Braunau,2014,Bezirk Münchwilen,2017,111,Evangelisch-reformiert,314, 
4723,Braunau,2014,Bezirk Münchwilen,2017,121,Römisch-katholisch,283, 
4723,Braunau,2014,Bezirk Münchwilen,2017,0,Übrige,173, 
4724,Eschlikon,2014,Bezirk Münchwilen,2017,111,Evangelisch-reformiert,1563, 
4724,Eschlikon,2014,Bezirk Münchwilen,2017,121,Römisch-katholisch,1514, 
4724,Eschlikon,2014,Bezirk Münchwilen,2017,0,Übrige,1223, 
4726,Fischingen,2014,Bezirk Münchwilen,2017,111,Evangelisch-reformiert,814, 
4726,Fischingen,2014,Bezirk Münchwilen,2017,121,Römisch-katholisch,1285, 
4726,Fischingen,2014,Bezirk Münchwilen,2017,0,Übrige,591, 
4741,Lommis,2014,Bezirk Münchwilen,2017,111,Evangelisch-reformiert,411, 
4741,Lommis,2014,Bezirk Münchwilen,2017,121,Römisch-katholisch,440, 
4741,Lommis,2014,Bezirk Münchwilen,2017,0,Übrige,372, 
4746,Münchwilen,2014,Bezirk Münchwilen,2017,111,Evangelisch-reformiert,1516, 
4746,Münchwilen,2014,Bezirk Münchwilen,2017,121,Römisch-katholisch,2246, 
4746,Münchwilen,2014,Bezirk Münchwilen,2017,0,Übrige,1776, 
4751,Rickenbach,2014,Bezirk Münchwilen,2017,111,Evangelisch-reformiert,406, 
4751,Rickenbach,2014,Bezirk Münchwilen,2017,121,Römisch-katholisch,1138, 
4751,Rickenbach,2014,Bezirk Münchwilen,2017,0,Übrige,1227, 
4756,Schönholzerswilen,2015,Bezirk Weinfelden,2017,111,Evangelisch-reformiert,406, 
4756,Schönholzerswilen,2015,Bezirk Weinfelden,2017,121,Römisch-katholisch,288, 
4756,Schönholzerswilen,2015,Bezirk Weinfelden,2017,0,Übrige,154, 
4761,Sirnach,2014,Bezirk Münchwilen,2017,111,Evangelisch-reformiert,1698, 
4761,Sirnach,2014,Bezirk Münchwilen,2017,121,Römisch-katholisch,3169, 
4761,Sirnach,2014,Bezirk Münchwilen,2017,0,Übrige,2836, 
4776,Tobel-Tägerschen,2014,Bezirk Münchwilen,2017,111,Evangelisch-reformiert,450, 
4776,Tobel-Tägerschen,2014,Bezirk Münchwilen,2017,121,Römisch-katholisch,685, 
4776,Tobel-Tägerschen,2014,Bezirk Münchwilen,2017,0,Übrige,457, 
4781,Wängi,2014,Bezirk Münchwilen,2017,111,Evangelisch-reformiert,1583, 
4781,Wängi,2014,Bezirk Münchwilen,2017,121,Römisch-katholisch,1802, 
4781,Wängi,2014,Bezirk Münchwilen,2017,0,Übrige,1263, 
4786,Wilen,2014,Bezirk Münchwilen,2017,111,Evangelisch-reformiert,589, 
4786,Wilen,2014,Bezirk Münchwilen,2017,121,Römisch-katholisch,1279, 
4786,Wilen,2014,Bezirk Münchwilen,2017,0,Übrige,628, 
4791,Wuppenau,2015,Bezirk Weinfelden,2017,111,Evangelisch-reformiert,304, 
4791,Wuppenau,2015,Bezirk Weinfelden,2017,121,Römisch-katholisch,585, 
4791,Wuppenau,2015,Bezirk Weinfelden,2017,0,Übrige,238, 
4801,Berlingen,2012,Bezirk Frauenfeld,2017,111,Evangelisch-reformiert,404, 
4801,Berlingen,2012,Bezirk Frauenfeld,2017,121,Römisch-katholisch,202, 
4801,Berlingen,2012,Bezirk Frauenfeld,2017,0,Übrige,301, 
4806,Eschenz,2012,Bezirk Frauenfeld,2017,111,Evangelisch-reformiert,607, 
4806,Eschenz,2012,Bezirk Frauenfeld,2017,121,Römisch-katholisch,562, 
4806,Eschenz,2012,Bezirk Frauenfeld,2017,0,Übrige,585, 
4811,Herdern,2012,Bezirk Frauenfeld,2017,111,Evangelisch-reformiert,414, 
4811,Herdern,2012,Bezirk Frauenfeld,2017,121,Römisch-katholisch,330, 
4811,Herdern,2012,Bezirk Frauenfeld,2017,0,Übrige,284, 
4816,Homburg,2012,Bezirk Frauenfeld,2017,111,Evangelisch-reformiert,639, 
4816,Homburg,2012,Bezirk Frauenfeld,2017,121,Römisch-katholisch,530, 
4816,Homburg,2012,Bezirk Frauenfeld,2017,0,Übrige,362, 
4821,Hüttwilen,2012,Bezirk Frauenfeld,2017,111,Evangelisch-reformiert,833, 
4821,Hüttwilen,2012,Bezirk Frauenfeld,2017,121,Römisch-katholisch,380, 
4821,Hüttwilen,2012,Bezirk Frauenfeld,2017,0,Übrige,496, 
4826,Mammern,2012,Bezirk Frauenfeld,2017,111,Evangelisch-reformiert,243, 
4826,Mammern,2012,Bezirk Frauenfeld,2017,121,Römisch-katholisch,210, 
4826,Mammern,2012,Bezirk Frauenfeld,2017,0,Übrige,195, 
4831,Müllheim,2012,Bezirk Frauenfeld,2017,111,Evangelisch-reformiert,1166, 
4831,Müllheim,2012,Bezirk Frauenfeld,2017,121,Römisch-katholisch,770, 
4831,Müllheim,2012,Bezirk Frauenfeld,2017,0,Übrige,1028, 
4841,Pfyn,2012,Bezirk Frauenfeld,2017,111,Evangelisch-reformiert,835, 
4841,Pfyn,2012,Bezirk Frauenfeld,2017,121,Römisch-katholisch,529, 
4841,Pfyn,2012,Bezirk Frauenfeld,2017,0,Übrige,628, 
4846,Raperswilen,2013,Bezirk Kreuzlingen,2017,111,Evangelisch-reformiert,230, 
4846,Raperswilen,2013,Bezirk Kreuzlingen,2017,121,Römisch-katholisch,60, 
4846,Raperswilen,2013,Bezirk Kreuzlingen,2017,0,Übrige,104, 
4851,Salenstein,2013,Bezirk Kreuzlingen,2017,111,Evangelisch-reformiert,519, 
4851,Salenstein,2013,Bezirk Kreuzlingen,2017,121,Römisch-katholisch,338, 
4851,Salenstein,2013,Bezirk Kreuzlingen,2017,0,Übrige,414, 
4864,Steckborn,2012,Bezirk Frauenfeld,2017,111,Evangelisch-reformiert,1266, 
4864,Steckborn,2012,Bezirk Frauenfeld,2017,121,Römisch-katholisch,1149, 
4864,Steckborn,2012,Bezirk Frauenfeld,2017,0,Übrige,1350, 
4871,Wagenhausen,2012,Bezirk Frauenfeld,2017,111,Evangelisch-reformiert,779, 
4871,Wagenhausen,2012,Bezirk Frauenfeld,2017,121,Römisch-katholisch,268, 
4871,Wagenhausen,2012,Bezirk Frauenfeld,2017,0,Übrige,600, 
4881,Amlikon-Bissegg,2015,Bezirk Weinfelden,2017,111,Evangelisch-reformiert,596, 
4881,Amlikon-Bissegg,2015,Bezirk Weinfelden,2017,121,Römisch-katholisch,324, 
4881,Amlikon-Bissegg,2015,Bezirk Weinfelden,2017,0,Übrige,408, 
4891,Berg,2015,Bezirk Weinfelden,2017,111,Evangelisch-reformiert,1602, 
4891,Berg,2015,Bezirk Weinfelden,2017,121,Römisch-katholisch,896, 
4891,Berg,2015,Bezirk Weinfelden,2017,0,Übrige,823, 
4901,Birwinken,2015,Bezirk Weinfelden,2017,111,Evangelisch-reformiert,677, 
4901,Birwinken,2015,Bezirk Weinfelden,2017,121,Römisch-katholisch,237, 
4901,Birwinken,2015,Bezirk Weinfelden,2017,0,Übrige,436, 
4911,Bürglen,2015,Bezirk Weinfelden,2017,111,Evangelisch-reformiert,1211, 
4911,Bürglen,2015,Bezirk Weinfelden,2017,121,Römisch-katholisch,1058, 
4911,Bürglen,2015,Bezirk Weinfelden,2017,0,Übrige,1506, 
4921,Bussnang,2015,Bezirk Weinfelden,2017,111,Evangelisch-reformiert,1017, 
4921,Bussnang,2015,Bezirk Weinfelden,2017,121,Römisch-katholisch,630, 
4921,Bussnang,2015,Bezirk Weinfelden,2017,0,Übrige,666, 
4941,Märstetten,2015,Bezirk Weinfelden,2017,111,Evangelisch-reformiert,1231, 
4941,Märstetten,2015,Bezirk Weinfelden,2017,121,Römisch-katholisch,701, 
4941,Märstetten,2015,Bezirk Weinfelden,2017,0,Übrige,876, 
4946,Weinfelden,2015,Bezirk Weinfelden,2017,111,Evangelisch-reformiert,4201, 
4946,Weinfelden,2015,Bezirk Weinfelden,2017,121,Römisch-katholisch,3330, 
4946,Weinfelden,2015,Bezirk Weinfelden,2017,0,Übrige,3807, 
4951,Wigoltingen,2015,Bezirk Weinfelden,2017,111,Evangelisch-reformiert,1096, 
4951,Wigoltingen,2015,Bezirk Weinfelden,2017,121,Römisch-katholisch,638, 
4951,Wigoltingen,2015,Bezirk Weinfelden,2017,0,Übrige,695, 
4401,Arbon,2011,Bezirk Arbon,2016,111,Evangelisch-reformiert,3546, 
4401,Arbon,2011,Bezirk Arbon,2016,121,Römisch-katholisch,4840, 
4401,Arbon,2011,Bezirk Arbon,2016,0,Übrige,5870, 
4406,Dozwil,2011,Bezirk Arbon,2016,111,Evangelisch-reformiert,215, 
4406,Dozwil,2011,Bezirk Arbon,2016,121,Römisch-katholisch,148, 
4406,Dozwil,2011,Bezirk Arbon,2016,0,Übrige,364, 
4411,Egnach,2011,Bezirk Arbon,2016,111,Evangelisch-reformiert,1968, 
4411,Egnach,2011,Bezirk Arbon,2016,121,Römisch-katholisch,1494, 
4411,Egnach,2011,Bezirk Arbon,2016,0,Übrige,1219, 
4416,Hefenhofen,2011,Bezirk Arbon,2016,111,Evangelisch-reformiert,442, 
4416,Hefenhofen,2011,Bezirk Arbon,2016,121,Römisch-katholisch,402, 
4416,Hefenhofen,2011,Bezirk Arbon,2016,0,Übrige,399, 
4421,Horn,2011,Bezirk Arbon,2016,111,Evangelisch-reformiert,731, 
4421,Horn,2011,Bezirk Arbon,2016,121,Römisch-katholisch,1162, 
4421,Horn,2011,Bezirk Arbon,2016,0,Übrige,707, 
4426,Kesswil,2011,Bezirk Arbon,2016,111,Evangelisch-reformiert,443, 
4426,Kesswil,2011,Bezirk Arbon,2016,121,Römisch-katholisch,286, 
4426,Kesswil,2011,Bezirk Arbon,2016,0,Übrige,263, 
4431,Roggwil,2011,Bezirk Arbon,2016,111,Evangelisch-reformiert,1183, 
4431,Roggwil,2011,Bezirk Arbon,2016,121,Römisch-katholisch,1125, 
4431,Roggwil,2011,Bezirk Arbon,2016,0,Übrige,742, 
4436,Romanshorn,2011,Bezirk Arbon,2016,111,Evangelisch-reformiert,2881, 
4436,Romanshorn,2011,Bezirk Arbon,2016,121,Römisch-katholisch,3330, 
4436,Romanshorn,2011,Bezirk Arbon,2016,0,Übrige,4559, 
4441,Salmsach,2011,Bezirk Arbon,2016,111,Evangelisch-reformiert,418, 
4441,Salmsach,2011,Bezirk Arbon,2016,121,Römisch-katholisch,471, 
4441,Salmsach,2011,Bezirk Arbon,2016,0,Übrige,562, 
4446,Sommeri,2011,Bezirk Arbon,2016,111,Evangelisch-reformiert,169, 
4446,Sommeri,2011,Bezirk Arbon,2016,121,Römisch-katholisch,253, 
4446,Sommeri,2011,Bezirk Arbon,2016,0,Übrige,127, 
4451,Uttwil,2011,Bezirk Arbon,2016,111,Evangelisch-reformiert,742, 
4451,Uttwil,2011,Bezirk Arbon,2016,121,Römisch-katholisch,521, 
4451,Uttwil,2011,Bezirk Arbon,2016,0,Übrige,592, 
4461,Amriswil,2011,Bezirk Arbon,2016,111,Evangelisch-reformiert,3766, 
4461,Amriswil,2011,Bezirk Arbon,2016,121,Römisch-katholisch,4207, 
4461,Amriswil,2011,Bezirk Arbon,2016,0,Übrige,5320, 
4471,Bischofszell,2015,Bezirk Weinfelden,2016,111,Evangelisch-reformiert,1803, 
4471,Bischofszell,2015,Bezirk Weinfelden,2016,121,Römisch-katholisch,2183, 
4471,Bischofszell,2015,Bezirk Weinfelden,2016,0,Übrige,1937, 
4476,Erlen,2015,Bezirk Weinfelden,2016,111,Evangelisch-reformiert,1325, 
4476,Erlen,2015,Bezirk Weinfelden,2016,121,Römisch-katholisch,1036, 
4476,Erlen,2015,Bezirk Weinfelden,2016,0,Übrige,1275, 
4486,Hauptwil-Gottshaus,2015,Bezirk Weinfelden,2016,111,Evangelisch-reformiert,636, 
4486,Hauptwil-Gottshaus,2015,Bezirk Weinfelden,2016,121,Römisch-katholisch,736, 
4486,Hauptwil-Gottshaus,2015,Bezirk Weinfelden,2016,0,Übrige,545, 
4495,Hohentannen,2015,Bezirk Weinfelden,2016,111,Evangelisch-reformiert,261, 
4495,Hohentannen,2015,Bezirk Weinfelden,2016,121,Römisch-katholisch,161, 
4495,Hohentannen,2015,Bezirk Weinfelden,2016,0,Übrige,175, 
4501,Kradolf-Schönenberg,2015,Bezirk Weinfelden,2016,111,Evangelisch-reformiert,1293, 
4501,Kradolf-Schönenberg,2015,Bezirk Weinfelden,2016,121,Römisch-katholisch,890, 
4501,Kradolf-Schönenberg,2015,Bezirk Weinfelden,2016,0,Übrige,1346, 
4506,Sulgen,2015,Bezirk Weinfelden,2016,111,Evangelisch-reformiert,1290, 
4506,Sulgen,2015,Bezirk Weinfelden,2016,121,Römisch-katholisch,1090, 
4506,Sulgen,2015,Bezirk Weinfelden,2016,0,Übrige,1323, 
4511,Zihlschlacht-Sitterdorf,2015,Bezirk Weinfelden,2016,111,Evangelisch-reformiert,957, 
4511,Zihlschlacht-Sitterdorf,2015,Bezirk Weinfelden,2016,121,Römisch-katholisch,728, 
4511,Zihlschlacht-Sitterdorf,2015,Bezirk Weinfelden,2016,0,Übrige,582, 
4536,Basadingen-Schlattingen,2012,Bezirk Frauenfeld,2016,111,Evangelisch-reformiert,797, 
4536,Basadingen-Schlattingen,2012,Bezirk Frauenfeld,2016,121,Römisch-katholisch,460, 
4536,Basadingen-Schlattingen,2012,Bezirk Frauenfeld,2016,0,Übrige,554, 
4545,Diessenhofen,2012,Bezirk Frauenfeld,2016,111,Evangelisch-reformiert,1287, 
4545,Diessenhofen,2012,Bezirk Frauenfeld,2016,121,Römisch-katholisch,1236, 
4545,Diessenhofen,2012,Bezirk Frauenfeld,2016,0,Übrige,1222, 
4546,Schlatt,2012,Bezirk Frauenfeld,2016,111,Evangelisch-reformiert,910, 
4546,Schlatt,2012,Bezirk Frauenfeld,2016,121,Römisch-katholisch,299, 
4546,Schlatt,2012,Bezirk Frauenfeld,2016,0,Übrige,448, 
4551,Aadorf,2014,Bezirk Münchwilen,2016,111,Evangelisch-reformiert,3133, 
4551,Aadorf,2014,Bezirk Münchwilen,2016,121,Römisch-katholisch,2938, 
4551,Aadorf,2014,Bezirk Münchwilen,2016,0,Übrige,2767, 
4561,Felben-Wellhausen,2012,Bezirk Frauenfeld,2016,111,Evangelisch-reformiert,1038, 
4561,Felben-Wellhausen,2012,Bezirk Frauenfeld,2016,121,Römisch-katholisch,834, 
4561,Felben-Wellhausen,2012,Bezirk Frauenfeld,2016,0,Übrige,871, 
4566,Frauenfeld,2012,Bezirk Frauenfeld,2016,111,Evangelisch-reformiert,8775, 
4566,Frauenfeld,2012,Bezirk Frauenfeld,2016,121,Römisch-katholisch,8589, 
4566,Frauenfeld,2012,Bezirk Frauenfeld,2016,0,Übrige,7694, 
4571,Gachnang,2012,Bezirk Frauenfeld,2016,111,Evangelisch-reformiert,1976, 
4571,Gachnang,2012,Bezirk Frauenfeld,2016,121,Römisch-katholisch,1094, 
4571,Gachnang,2012,Bezirk Frauenfeld,2016,0,Übrige,1141, 
4590,Hüttlingen,2012,Bezirk Frauenfeld,2016,111,Evangelisch-reformiert,433, 
4590,Hüttlingen,2012,Bezirk Frauenfeld,2016,121,Römisch-katholisch,135, 
4590,Hüttlingen,2012,Bezirk Frauenfeld,2016,0,Übrige,269, 
4591,Matzingen,2012,Bezirk Frauenfeld,2016,111,Evangelisch-reformiert,917, 
4591,Matzingen,2012,Bezirk Frauenfeld,2016,121,Römisch-katholisch,945, 
4591,Matzingen,2012,Bezirk Frauenfeld,2016,0,Übrige,813, 
4601,Neunforn,2012,Bezirk Frauenfeld,2016,111,Evangelisch-reformiert,586, 
4601,Neunforn,2012,Bezirk Frauenfeld,2016,121,Römisch-katholisch,140, 
4601,Neunforn,2012,Bezirk Frauenfeld,2016,0,Übrige,260, 
4606,Stettfurt,2012,Bezirk Frauenfeld,2016,111,Evangelisch-reformiert,569, 
4606,Stettfurt,2012,Bezirk Frauenfeld,2016,121,Römisch-katholisch,329, 
4606,Stettfurt,2012,Bezirk Frauenfeld,2016,0,Übrige,303, 
4611,Thundorf,2012,Bezirk Frauenfeld,2016,111,Evangelisch-reformiert,847, 
4611,Thundorf,2012,Bezirk Frauenfeld,2016,121,Römisch-katholisch,310, 
4611,Thundorf,2012,Bezirk Frauenfeld,2016,0,Übrige,302, 
4616,Uesslingen-Buch,2012,Bezirk Frauenfeld,2016,111,Evangelisch-reformiert,572, 
4616,Uesslingen-Buch,2012,Bezirk Frauenfeld,2016,121,Römisch-katholisch,269, 
4616,Uesslingen-Buch,2012,Bezirk Frauenfeld,2016,0,Übrige,234, 
4621,Warth-Weiningen,2012,Bezirk Frauenfeld,2016,111,Evangelisch-reformiert,551, 
4621,Warth-Weiningen,2012,Bezirk Frauenfeld,2016,121,Römisch-katholisch,362, 
4621,Warth-Weiningen,2012,Bezirk Frauenfeld,2016,0,Übrige,339, 
4641,Altnau,2013,Bezirk Kreuzlingen,2016,111,Evangelisch-reformiert,929, 
4641,Altnau,2013,Bezirk Kreuzlingen,2016,121,Römisch-katholisch,624, 
4641,Altnau,2013,Bezirk Kreuzlingen,2016,0,Übrige,608, 
4643,Bottighofen,2013,Bezirk Kreuzlingen,2016,111,Evangelisch-reformiert,871, 
4643,Bottighofen,2013,Bezirk Kreuzlingen,2016,121,Römisch-katholisch,638, 
4643,Bottighofen,2013,Bezirk Kreuzlingen,2016,0,Übrige,671, 
4646,Ermatingen,2013,Bezirk Kreuzlingen,2016,111,Evangelisch-reformiert,1375, 
4646,Ermatingen,2013,Bezirk Kreuzlingen,2016,121,Römisch-katholisch,929, 
4646,Ermatingen,2013,Bezirk Kreuzlingen,2016,0,Übrige,998, 
4651,Gottlieben,2013,Bezirk Kreuzlingen,2016,111,Evangelisch-reformiert,130, 
4651,Gottlieben,2013,Bezirk Kreuzlingen,2016,121,Römisch-katholisch,111, 
4651,Gottlieben,2013,Bezirk Kreuzlingen,2016,0,Übrige,82, 
4656,Güttingen,2013,Bezirk Kreuzlingen,2016,111,Evangelisch-reformiert,643, 
4656,Güttingen,2013,Bezirk Kreuzlingen,2016,121,Römisch-katholisch,455, 
4656,Güttingen,2013,Bezirk Kreuzlingen,2016,0,Übrige,462, 
4666,Kemmental,2013,Bezirk Kreuzlingen,2016,111,Evangelisch-reformiert,1190, 
4666,Kemmental,2013,Bezirk Kreuzlingen,2016,121,Römisch-katholisch,573, 
4666,Kemmental,2013,Bezirk Kreuzlingen,2016,0,Übrige,690, 
4671,Kreuzlingen,2013,Bezirk Kreuzlingen,2016,111,Evangelisch-reformiert,4976, 
4671,Kreuzlingen,2013,Bezirk Kreuzlingen,2016,121,Römisch-katholisch,6680, 
4671,Kreuzlingen,2013,Bezirk Kreuzlingen,2016,0,Übrige,9881, 
4681,Langrickenbach,2013,Bezirk Kreuzlingen,2016,111,Evangelisch-reformiert,600, 
4681,Langrickenbach,2013,Bezirk Kreuzlingen,2016,121,Römisch-katholisch,298, 
4681,Langrickenbach,2013,Bezirk Kreuzlingen,2016,0,Übrige,381, 
4683,Lengwil,2013,Bezirk Kreuzlingen,2016,111,Evangelisch-reformiert,689, 
4683,Lengwil,2013,Bezirk Kreuzlingen,2016,121,Römisch-katholisch,471, 
4683,Lengwil,2013,Bezirk Kreuzlingen,2016,0,Übrige,522, 
4691,Münsterlingen,2013,Bezirk Kreuzlingen,2016,111,Evangelisch-reformiert,1059, 
4691,Münsterlingen,2013,Bezirk Kreuzlingen,2016,121,Römisch-katholisch,989, 
4691,Münsterlingen,2013,Bezirk Kreuzlingen,2016,0,Übrige,1280, 
4696,Tägerwilen,2013,Bezirk Kreuzlingen,2016,111,Evangelisch-reformiert,1675, 
4696,Tägerwilen,2013,Bezirk Kreuzlingen,2016,121,Römisch-katholisch,1296, 
4696,Tägerwilen,2013,Bezirk Kreuzlingen,2016,0,Übrige,1539, 
4701,Wäldi,2013,Bezirk Kreuzlingen,2016,111,Evangelisch-reformiert,495, 
4701,Wäldi,2013,Bezirk Kreuzlingen,2016,121,Römisch-katholisch,224, 
4701,Wäldi,2013,Bezirk Kreuzlingen,2016,0,Übrige,331, 
4711,Affeltrangen,2015,Bezirk Weinfelden,2016,111,Evangelisch-reformiert,1050, 
4711,Affeltrangen,2015,Bezirk Weinfelden,2016,121,Römisch-katholisch,836, 
4711,Affeltrangen,2015,Bezirk Weinfelden,2016,0,Übrige,627, 
4716,Bettwiesen,2014,Bezirk Münchwilen,2016,111,Evangelisch-reformiert,277, 
4716,Bettwiesen,2014,Bezirk Münchwilen,2016,121,Römisch-katholisch,547, 
4716,Bettwiesen,2014,Bezirk Münchwilen,2016,0,Übrige,348, 
4721,Bichelsee-Balterswil,2014,Bezirk Münchwilen,2016,111,Evangelisch-reformiert,909, 
4721,Bichelsee-Balterswil,2014,Bezirk Münchwilen,2016,121,Römisch-katholisch,1095, 
4721,Bichelsee-Balterswil,2014,Bezirk Münchwilen,2016,0,Übrige,816, 
4723,Braunau,2014,Bezirk Münchwilen,2016,111,Evangelisch-reformiert,318, 
4723,Braunau,2014,Bezirk Münchwilen,2016,121,Römisch-katholisch,284, 
4723,Braunau,2014,Bezirk Münchwilen,2016,0,Übrige,163, 
4724,Eschlikon,2014,Bezirk Münchwilen,2016,111,Evangelisch-reformiert,1547, 
4724,Eschlikon,2014,Bezirk Münchwilen,2016,121,Römisch-katholisch,1543, 
4724,Eschlikon,2014,Bezirk Münchwilen,2016,0,Übrige,1206, 
4726,Fischingen,2014,Bezirk Münchwilen,2016,111,Evangelisch-reformiert,827, 
4726,Fischingen,2014,Bezirk Münchwilen,2016,121,Römisch-katholisch,1285, 
4726,Fischingen,2014,Bezirk Münchwilen,2016,0,Übrige,568, 
4741,Lommis,2014,Bezirk Münchwilen,2016,111,Evangelisch-reformiert,416, 
4741,Lommis,2014,Bezirk Münchwilen,2016,121,Römisch-katholisch,451, 
4741,Lommis,2014,Bezirk Münchwilen,2016,0,Übrige,348, 
4746,Münchwilen,2014,Bezirk Münchwilen,2016,111,Evangelisch-reformiert,1491, 
4746,Münchwilen,2014,Bezirk Münchwilen,2016,121,Römisch-katholisch,2200, 
4746,Münchwilen,2014,Bezirk Münchwilen,2016,0,Übrige,1662, 
4751,Rickenbach,2014,Bezirk Münchwilen,2016,111,Evangelisch-reformiert,423, 
4751,Rickenbach,2014,Bezirk Münchwilen,2016,121,Römisch-katholisch,1135, 
4751,Rickenbach,2014,Bezirk Münchwilen,2016,0,Übrige,1210, 
4756,Schönholzerswilen,2015,Bezirk Weinfelden,2016,111,Evangelisch-reformiert,394, 
4756,Schönholzerswilen,2015,Bezirk Weinfelden,2016,121,Römisch-katholisch,281, 
4756,Schönholzerswilen,2015,Bezirk Weinfelden,2016,0,Übrige,164, 
4761,Sirnach,2014,Bezirk Münchwilen,2016,111,Evangelisch-reformiert,1768, 
4761,Sirnach,2014,Bezirk Münchwilen,2016,121,Römisch-katholisch,3196, 
4761,Sirnach,2014,Bezirk Münchwilen,2016,0,Übrige,2733, 
4776,Tobel-Tägerschen,2014,Bezirk Münchwilen,2016,111,Evangelisch-reformiert,475, 
4776,Tobel-Tägerschen,2014,Bezirk Münchwilen,2016,121,Römisch-katholisch,692, 
4776,Tobel-Tägerschen,2014,Bezirk Münchwilen,2016,0,Übrige,427, 
4781,Wängi,2014,Bezirk Münchwilen,2016,111,Evangelisch-reformiert,1585, 
4781,Wängi,2014,Bezirk Münchwilen,2016,121,Römisch-katholisch,1803, 
4781,Wängi,2014,Bezirk Münchwilen,2016,0,Übrige,1226, 
4786,Wilen,2014,Bezirk Münchwilen,2016,111,Evangelisch-reformiert,589, 
4786,Wilen,2014,Bezirk Münchwilen,2016,121,Römisch-katholisch,1286, 
4786,Wilen,2014,Bezirk Münchwilen,2016,0,Übrige,607, 
4791,Wuppenau,2015,Bezirk Weinfelden,2016,111,Evangelisch-reformiert,313, 
4791,Wuppenau,2015,Bezirk Weinfelden,2016,121,Römisch-katholisch,591, 
4791,Wuppenau,2015,Bezirk Weinfelden,2016,0,Übrige,229, 
4801,Berlingen,2012,Bezirk Frauenfeld,2016,111,Evangelisch-reformiert,394, 
4801,Berlingen,2012,Bezirk Frauenfeld,2016,121,Römisch-katholisch,211, 
4801,Berlingen,2012,Bezirk Frauenfeld,2016,0,Übrige,282, 
4806,Eschenz,2012,Bezirk Frauenfeld,2016,111,Evangelisch-reformiert,622, 
4806,Eschenz,2012,Bezirk Frauenfeld,2016,121,Römisch-katholisch,560, 
4806,Eschenz,2012,Bezirk Frauenfeld,2016,0,Übrige,539, 
4811,Herdern,2012,Bezirk Frauenfeld,2016,111,Evangelisch-reformiert,414, 
4811,Herdern,2012,Bezirk Frauenfeld,2016,121,Römisch-katholisch,334, 
4811,Herdern,2012,Bezirk Frauenfeld,2016,0,Übrige,275, 
4816,Homburg,2012,Bezirk Frauenfeld,2016,111,Evangelisch-reformiert,660, 
4816,Homburg,2012,Bezirk Frauenfeld,2016,121,Römisch-katholisch,544, 
4816,Homburg,2012,Bezirk Frauenfeld,2016,0,Übrige,333, 
4821,Hüttwilen,2012,Bezirk Frauenfeld,2016,111,Evangelisch-reformiert,852, 
4821,Hüttwilen,2012,Bezirk Frauenfeld,2016,121,Römisch-katholisch,367, 
4821,Hüttwilen,2012,Bezirk Frauenfeld,2016,0,Übrige,482, 
4826,Mammern,2012,Bezirk Frauenfeld,2016,111,Evangelisch-reformiert,242, 
4826,Mammern,2012,Bezirk Frauenfeld,2016,121,Römisch-katholisch,218, 
4826,Mammern,2012,Bezirk Frauenfeld,2016,0,Übrige,190, 
4831,Müllheim,2012,Bezirk Frauenfeld,2016,111,Evangelisch-reformiert,1173, 
4831,Müllheim,2012,Bezirk Frauenfeld,2016,121,Römisch-katholisch,751, 
4831,Müllheim,2012,Bezirk Frauenfeld,2016,0,Übrige,1006, 
4841,Pfyn,2012,Bezirk Frauenfeld,2016,111,Evangelisch-reformiert,832, 
4841,Pfyn,2012,Bezirk Frauenfeld,2016,121,Römisch-katholisch,521, 
4841,Pfyn,2012,Bezirk Frauenfeld,2016,0,Übrige,590, 
4846,Raperswilen,2013,Bezirk Kreuzlingen,2016,111,Evangelisch-reformiert,232, 
4846,Raperswilen,2013,Bezirk Kreuzlingen,2016,121,Römisch-katholisch,64, 
4846,Raperswilen,2013,Bezirk Kreuzlingen,2016,0,Übrige,95, 
4851,Salenstein,2013,Bezirk Kreuzlingen,2016,111,Evangelisch-reformiert,529, 
4851,Salenstein,2013,Bezirk Kreuzlingen,2016,121,Römisch-katholisch,346, 
4851,Salenstein,2013,Bezirk Kreuzlingen,2016,0,Übrige,410, 
4864,Steckborn,2012,Bezirk Frauenfeld,2016,111,Evangelisch-reformiert,1272, 
4864,Steckborn,2012,Bezirk Frauenfeld,2016,121,Römisch-katholisch,1175, 
4864,Steckborn,2012,Bezirk Frauenfeld,2016,0,Übrige,1293, 
4871,Wagenhausen,2012,Bezirk Frauenfeld,2016,111,Evangelisch-reformiert,794, 
4871,Wagenhausen,2012,Bezirk Frauenfeld,2016,121,Römisch-katholisch,257, 
4871,Wagenhausen,2012,Bezirk Frauenfeld,2016,0,Übrige,603, 
4881,Amlikon-Bissegg,2015,Bezirk Weinfelden,2016,111,Evangelisch-reformiert,591, 
4881,Amlikon-Bissegg,2015,Bezirk Weinfelden,2016,121,Römisch-katholisch,318, 
4881,Amlikon-Bissegg,2015,Bezirk Weinfelden,2016,0,Übrige,392, 
4891,Berg,2015,Bezirk Weinfelden,2016,111,Evangelisch-reformiert,1622, 
4891,Berg,2015,Bezirk Weinfelden,2016,121,Römisch-katholisch,914, 
4891,Berg,2015,Bezirk Weinfelden,2016,0,Übrige,765, 
4901,Birwinken,2015,Bezirk Weinfelden,2016,111,Evangelisch-reformiert,685, 
4901,Birwinken,2015,Bezirk Weinfelden,2016,121,Römisch-katholisch,243, 
4901,Birwinken,2015,Bezirk Weinfelden,2016,0,Übrige,409, 
4911,Bürglen,2015,Bezirk Weinfelden,2016,111,Evangelisch-reformiert,1247, 
4911,Bürglen,2015,Bezirk Weinfelden,2016,121,Römisch-katholisch,1045, 
4911,Bürglen,2015,Bezirk Weinfelden,2016,0,Übrige,1449, 
4921,Bussnang,2015,Bezirk Weinfelden,2016,111,Evangelisch-reformiert,1027, 
4921,Bussnang,2015,Bezirk Weinfelden,2016,121,Römisch-katholisch,616, 
4921,Bussnang,2015,Bezirk Weinfelden,2016,0,Übrige,618, 
4941,Märstetten,2015,Bezirk Weinfelden,2016,111,Evangelisch-reformiert,1246, 
4941,Märstetten,2015,Bezirk Weinfelden,2016,121,Römisch-katholisch,691, 
4941,Märstetten,2015,Bezirk Weinfelden,2016,0,Übrige,847, 
4946,Weinfelden,2015,Bezirk Weinfelden,2016,111,Evangelisch-reformiert,4242, 
4946,Weinfelden,2015,Bezirk Weinfelden,2016,121,Römisch-katholisch,3322, 
4946,Weinfelden,2015,Bezirk Weinfelden,2016,0,Übrige,3677, 
4951,Wigoltingen,2015,Bezirk Weinfelden,2016,111,Evangelisch-reformiert,1098, 
4951,Wigoltingen,2015,Bezirk Weinfelden,2016,121,Römisch-katholisch,660, 
4951,Wigoltingen,2015,Bezirk Weinfelden,2016,0,Übrige,652, 
4401,Arbon,2011,Bezirk Arbon,2015,111,Evangelisch-reformiert,3652, 
4401,Arbon,2011,Bezirk Arbon,2015,121,Römisch-katholisch,4884, 
4401,Arbon,2011,Bezirk Arbon,2015,0,Übrige,5648, 
4406,Dozwil,2011,Bezirk Arbon,2015,111,Evangelisch-reformiert,205, 
4406,Dozwil,2011,Bezirk Arbon,2015,121,Römisch-katholisch,142, 
4406,Dozwil,2011,Bezirk Arbon,2015,0,Übrige,334, 
4411,Egnach,2011,Bezirk Arbon,2015,111,Evangelisch-reformiert,1961, 
4411,Egnach,2011,Bezirk Arbon,2015,121,Römisch-katholisch,1464, 
4411,Egnach,2011,Bezirk Arbon,2015,0,Übrige,1137, 
4416,Hefenhofen,2011,Bezirk Arbon,2015,111,Evangelisch-reformiert,456, 
4416,Hefenhofen,2011,Bezirk Arbon,2015,121,Römisch-katholisch,390, 
4416,Hefenhofen,2011,Bezirk Arbon,2015,0,Übrige,384, 
4421,Horn,2011,Bezirk Arbon,2015,111,Evangelisch-reformiert,742, 
4421,Horn,2011,Bezirk Arbon,2015,121,Römisch-katholisch,1175, 
4421,Horn,2011,Bezirk Arbon,2015,0,Übrige,675, 
4426,Kesswil,2011,Bezirk Arbon,2015,111,Evangelisch-reformiert,444, 
4426,Kesswil,2011,Bezirk Arbon,2015,121,Römisch-katholisch,283, 
4426,Kesswil,2011,Bezirk Arbon,2015,0,Übrige,270, 
4431,Roggwil,2011,Bezirk Arbon,2015,111,Evangelisch-reformiert,1173, 
4431,Roggwil,2011,Bezirk Arbon,2015,121,Römisch-katholisch,1104, 
4431,Roggwil,2011,Bezirk Arbon,2015,0,Übrige,670, 
4436,Romanshorn,2011,Bezirk Arbon,2015,111,Evangelisch-reformiert,2956, 
4436,Romanshorn,2011,Bezirk Arbon,2015,121,Römisch-katholisch,3356, 
4436,Romanshorn,2011,Bezirk Arbon,2015,0,Übrige,4396, 
4441,Salmsach,2011,Bezirk Arbon,2015,111,Evangelisch-reformiert,422, 
4441,Salmsach,2011,Bezirk Arbon,2015,121,Römisch-katholisch,448, 
4441,Salmsach,2011,Bezirk Arbon,2015,0,Übrige,532, 
4446,Sommeri,2011,Bezirk Arbon,2015,111,Evangelisch-reformiert,168, 
4446,Sommeri,2011,Bezirk Arbon,2015,121,Römisch-katholisch,230, 
4446,Sommeri,2011,Bezirk Arbon,2015,0,Übrige,122, 
4451,Uttwil,2011,Bezirk Arbon,2015,111,Evangelisch-reformiert,740, 
4451,Uttwil,2011,Bezirk Arbon,2015,121,Römisch-katholisch,535, 
4451,Uttwil,2011,Bezirk Arbon,2015,0,Übrige,555, 
4461,Amriswil,2011,Bezirk Arbon,2015,111,Evangelisch-reformiert,3828, 
4461,Amriswil,2011,Bezirk Arbon,2015,121,Römisch-katholisch,4154, 
4461,Amriswil,2011,Bezirk Arbon,2015,0,Übrige,5065, 
4471,Bischofszell,2015,Bezirk Weinfelden,2015,111,Evangelisch-reformiert,1810, 
4471,Bischofszell,2015,Bezirk Weinfelden,2015,121,Römisch-katholisch,2190, 
4471,Bischofszell,2015,Bezirk Weinfelden,2015,0,Übrige,1861, 
4476,Erlen,2015,Bezirk Weinfelden,2015,111,Evangelisch-reformiert,1340, 
4476,Erlen,2015,Bezirk Weinfelden,2015,121,Römisch-katholisch,1028, 
4476,Erlen,2015,Bezirk Weinfelden,2015,0,Übrige,1240, 
4486,Hauptwil-Gottshaus,2015,Bezirk Weinfelden,2015,111,Evangelisch-reformiert,635, 
4486,Hauptwil-Gottshaus,2015,Bezirk Weinfelden,2015,121,Römisch-katholisch,731, 
4486,Hauptwil-Gottshaus,2015,Bezirk Weinfelden,2015,0,Übrige,544, 
4495,Hohentannen,2015,Bezirk Weinfelden,2015,111,Evangelisch-reformiert,278, 
4495,Hohentannen,2015,Bezirk Weinfelden,2015,121,Römisch-katholisch,157, 
4495,Hohentannen,2015,Bezirk Weinfelden,2015,0,Übrige,177, 
4501,Kradolf-Schönenberg,2015,Bezirk Weinfelden,2015,111,Evangelisch-reformiert,1317, 
4501,Kradolf-Schönenberg,2015,Bezirk Weinfelden,2015,121,Römisch-katholisch,920, 
4501,Kradolf-Schönenberg,2015,Bezirk Weinfelden,2015,0,Übrige,1314, 
4506,Sulgen,2015,Bezirk Weinfelden,2015,111,Evangelisch-reformiert,1314, 
4506,Sulgen,2015,Bezirk Weinfelden,2015,121,Römisch-katholisch,1098, 
4506,Sulgen,2015,Bezirk Weinfelden,2015,0,Übrige,1264, 
4511,Zihlschlacht-Sitterdorf,2015,Bezirk Weinfelden,2015,111,Evangelisch-reformiert,973, 
4511,Zihlschlacht-Sitterdorf,2015,Bezirk Weinfelden,2015,121,Römisch-katholisch,723, 
4511,Zihlschlacht-Sitterdorf,2015,Bezirk Weinfelden,2015,0,Übrige,551, 
4536,Basadingen-Schlattingen,2012,Bezirk Frauenfeld,2015,111,Evangelisch-reformiert,803, 
4536,Basadingen-Schlattingen,2012,Bezirk Frauenfeld,2015,121,Römisch-katholisch,454, 
4536,Basadingen-Schlattingen,2012,Bezirk Frauenfeld,2015,0,Übrige,550, 
4545,Diessenhofen,2012,Bezirk Frauenfeld,2015,111,Evangelisch-reformiert,1279, 
4545,Diessenhofen,2012,Bezirk Frauenfeld,2015,121,Römisch-katholisch,1171, 
4545,Diessenhofen,2012,Bezirk Frauenfeld,2015,0,Übrige,1196, 
4546,Schlatt,2012,Bezirk Frauenfeld,2015,111,Evangelisch-reformiert,924, 
4546,Schlatt,2012,Bezirk Frauenfeld,2015,121,Römisch-katholisch,306, 
4546,Schlatt,2012,Bezirk Frauenfeld,2015,0,Übrige,417, 
4551,Aadorf,2014,Bezirk Münchwilen,2015,111,Evangelisch-reformiert,3183, 
4551,Aadorf,2014,Bezirk Münchwilen,2015,121,Römisch-katholisch,2952, 
4551,Aadorf,2014,Bezirk Münchwilen,2015,0,Übrige,2658, 
4561,Felben-Wellhausen,2012,Bezirk Frauenfeld,2015,111,Evangelisch-reformiert,1051, 
4561,Felben-Wellhausen,2012,Bezirk Frauenfeld,2015,121,Römisch-katholisch,834, 
4561,Felben-Wellhausen,2012,Bezirk Frauenfeld,2015,0,Übrige,801, 
4566,Frauenfeld,2012,Bezirk Frauenfeld,2015,111,Evangelisch-reformiert,8887, 
4566,Frauenfeld,2012,Bezirk Frauenfeld,2015,121,Römisch-katholisch,8527, 
4566,Frauenfeld,2012,Bezirk Frauenfeld,2015,0,Übrige,7319, 
4571,Gachnang,2012,Bezirk Frauenfeld,2015,111,Evangelisch-reformiert,1907, 
4571,Gachnang,2012,Bezirk Frauenfeld,2015,121,Römisch-katholisch,1042, 
4571,Gachnang,2012,Bezirk Frauenfeld,2015,0,Übrige,1029, 
4590,Hüttlingen,2012,Bezirk Frauenfeld,2015,111,Evangelisch-reformiert,437, 
4590,Hüttlingen,2012,Bezirk Frauenfeld,2015,121,Römisch-katholisch,133, 
4590,Hüttlingen,2012,Bezirk Frauenfeld,2015,0,Übrige,259, 
4591,Matzingen,2012,Bezirk Frauenfeld,2015,111,Evangelisch-reformiert,924, 
4591,Matzingen,2012,Bezirk Frauenfeld,2015,121,Römisch-katholisch,929, 
4591,Matzingen,2012,Bezirk Frauenfeld,2015,0,Übrige,765, 
4601,Neunforn,2012,Bezirk Frauenfeld,2015,111,Evangelisch-reformiert,583, 
4601,Neunforn,2012,Bezirk Frauenfeld,2015,121,Römisch-katholisch,128, 
4601,Neunforn,2012,Bezirk Frauenfeld,2015,0,Übrige,246, 
4606,Stettfurt,2012,Bezirk Frauenfeld,2015,111,Evangelisch-reformiert,569, 
4606,Stettfurt,2012,Bezirk Frauenfeld,2015,121,Römisch-katholisch,316, 
4606,Stettfurt,2012,Bezirk Frauenfeld,2015,0,Übrige,279, 
4611,Thundorf,2012,Bezirk Frauenfeld,2015,111,Evangelisch-reformiert,840, 
4611,Thundorf,2012,Bezirk Frauenfeld,2015,121,Römisch-katholisch,306, 
4611,Thundorf,2012,Bezirk Frauenfeld,2015,0,Übrige,281, 
4616,Uesslingen-Buch,2012,Bezirk Frauenfeld,2015,111,Evangelisch-reformiert,573, 
4616,Uesslingen-Buch,2012,Bezirk Frauenfeld,2015,121,Römisch-katholisch,276, 
4616,Uesslingen-Buch,2012,Bezirk Frauenfeld,2015,0,Übrige,237, 
4621,Warth-Weiningen,2012,Bezirk Frauenfeld,2015,111,Evangelisch-reformiert,563, 
4621,Warth-Weiningen,2012,Bezirk Frauenfeld,2015,121,Römisch-katholisch,363, 
4621,Warth-Weiningen,2012,Bezirk Frauenfeld,2015,0,Übrige,312, 
4641,Altnau,2013,Bezirk Kreuzlingen,2015,111,Evangelisch-reformiert,948, 
4641,Altnau,2013,Bezirk Kreuzlingen,2015,121,Römisch-katholisch,622, 
4641,Altnau,2013,Bezirk Kreuzlingen,2015,0,Übrige,578, 
4643,Bottighofen,2013,Bezirk Kreuzlingen,2015,111,Evangelisch-reformiert,903, 
4643,Bottighofen,2013,Bezirk Kreuzlingen,2015,121,Römisch-katholisch,634, 
4643,Bottighofen,2013,Bezirk Kreuzlingen,2015,0,Übrige,629, 
4646,Ermatingen,2013,Bezirk Kreuzlingen,2015,111,Evangelisch-reformiert,1379, 
4646,Ermatingen,2013,Bezirk Kreuzlingen,2015,121,Römisch-katholisch,903, 
4646,Ermatingen,2013,Bezirk Kreuzlingen,2015,0,Übrige,917, 
4651,Gottlieben,2013,Bezirk Kreuzlingen,2015,111,Evangelisch-reformiert,136, 
4651,Gottlieben,2013,Bezirk Kreuzlingen,2015,121,Römisch-katholisch,106, 
4651,Gottlieben,2013,Bezirk Kreuzlingen,2015,0,Übrige,78, 
4656,Güttingen,2013,Bezirk Kreuzlingen,2015,111,Evangelisch-reformiert,654, 
4656,Güttingen,2013,Bezirk Kreuzlingen,2015,121,Römisch-katholisch,464, 
4656,Güttingen,2013,Bezirk Kreuzlingen,2015,0,Übrige,456, 
4666,Kemmental,2013,Bezirk Kreuzlingen,2015,111,Evangelisch-reformiert,1197, 
4666,Kemmental,2013,Bezirk Kreuzlingen,2015,121,Römisch-katholisch,567, 
4666,Kemmental,2013,Bezirk Kreuzlingen,2015,0,Übrige,621, 
4671,Kreuzlingen,2013,Bezirk Kreuzlingen,2015,111,Evangelisch-reformiert,5079, 
4671,Kreuzlingen,2013,Bezirk Kreuzlingen,2015,121,Römisch-katholisch,6807, 
4671,Kreuzlingen,2013,Bezirk Kreuzlingen,2015,0,Übrige,9613, 
4681,Langrickenbach,2013,Bezirk Kreuzlingen,2015,111,Evangelisch-reformiert,604, 
4681,Langrickenbach,2013,Bezirk Kreuzlingen,2015,121,Römisch-katholisch,292, 
4681,Langrickenbach,2013,Bezirk Kreuzlingen,2015,0,Übrige,378, 
4683,Lengwil,2013,Bezirk Kreuzlingen,2015,111,Evangelisch-reformiert,701, 
4683,Lengwil,2013,Bezirk Kreuzlingen,2015,121,Römisch-katholisch,467, 
4683,Lengwil,2013,Bezirk Kreuzlingen,2015,0,Übrige,485, 
4691,Münsterlingen,2013,Bezirk Kreuzlingen,2015,111,Evangelisch-reformiert,1042, 
4691,Münsterlingen,2013,Bezirk Kreuzlingen,2015,121,Römisch-katholisch,952, 
4691,Münsterlingen,2013,Bezirk Kreuzlingen,2015,0,Übrige,1193, 
4696,Tägerwilen,2013,Bezirk Kreuzlingen,2015,111,Evangelisch-reformiert,1656, 
4696,Tägerwilen,2013,Bezirk Kreuzlingen,2015,121,Römisch-katholisch,1258, 
4696,Tägerwilen,2013,Bezirk Kreuzlingen,2015,0,Übrige,1463, 
4701,Wäldi,2013,Bezirk Kreuzlingen,2015,111,Evangelisch-reformiert,496, 
4701,Wäldi,2013,Bezirk Kreuzlingen,2015,121,Römisch-katholisch,223, 
4701,Wäldi,2013,Bezirk Kreuzlingen,2015,0,Übrige,318, 
4711,Affeltrangen,2015,Bezirk Weinfelden,2015,111,Evangelisch-reformiert,1044, 
4711,Affeltrangen,2015,Bezirk Weinfelden,2015,121,Römisch-katholisch,835, 
4711,Affeltrangen,2015,Bezirk Weinfelden,2015,0,Übrige,602, 
4716,Bettwiesen,2014,Bezirk Münchwilen,2015,111,Evangelisch-reformiert,283, 
4716,Bettwiesen,2014,Bezirk Münchwilen,2015,121,Römisch-katholisch,512, 
4716,Bettwiesen,2014,Bezirk Münchwilen,2015,0,Übrige,358, 
4721,Bichelsee-Balterswil,2014,Bezirk Münchwilen,2015,111,Evangelisch-reformiert,901, 
4721,Bichelsee-Balterswil,2014,Bezirk Münchwilen,2015,121,Römisch-katholisch,1098, 
4721,Bichelsee-Balterswil,2014,Bezirk Münchwilen,2015,0,Übrige,791, 
4723,Braunau,2014,Bezirk Münchwilen,2015,111,Evangelisch-reformiert,321, 
4723,Braunau,2014,Bezirk Münchwilen,2015,121,Römisch-katholisch,283, 
4723,Braunau,2014,Bezirk Münchwilen,2015,0,Übrige,149, 
4724,Eschlikon,2014,Bezirk Münchwilen,2015,111,Evangelisch-reformiert,1580, 
4724,Eschlikon,2014,Bezirk Münchwilen,2015,121,Römisch-katholisch,1562, 
4724,Eschlikon,2014,Bezirk Münchwilen,2015,0,Übrige,1125, 
4726,Fischingen,2014,Bezirk Münchwilen,2015,111,Evangelisch-reformiert,826, 
4726,Fischingen,2014,Bezirk Münchwilen,2015,121,Römisch-katholisch,1270, 
4726,Fischingen,2014,Bezirk Münchwilen,2015,0,Übrige,542, 
4741,Lommis,2014,Bezirk Münchwilen,2015,111,Evangelisch-reformiert,425, 
4741,Lommis,2014,Bezirk Münchwilen,2015,121,Römisch-katholisch,468, 
4741,Lommis,2014,Bezirk Münchwilen,2015,0,Übrige,332, 
4746,Münchwilen,2014,Bezirk Münchwilen,2015,111,Evangelisch-reformiert,1513, 
4746,Münchwilen,2014,Bezirk Münchwilen,2015,121,Römisch-katholisch,2176, 
4746,Münchwilen,2014,Bezirk Münchwilen,2015,0,Übrige,1563, 
4751,Rickenbach,2014,Bezirk Münchwilen,2015,111,Evangelisch-reformiert,446, 
4751,Rickenbach,2014,Bezirk Münchwilen,2015,121,Römisch-katholisch,1147, 
4751,Rickenbach,2014,Bezirk Münchwilen,2015,0,Übrige,1173, 
4756,Schönholzerswilen,2015,Bezirk Weinfelden,2015,111,Evangelisch-reformiert,391, 
4756,Schönholzerswilen,2015,Bezirk Weinfelden,2015,121,Römisch-katholisch,265, 
4756,Schönholzerswilen,2015,Bezirk Weinfelden,2015,0,Übrige,148, 
4761,Sirnach,2014,Bezirk Münchwilen,2015,111,Evangelisch-reformiert,1795, 
4761,Sirnach,2014,Bezirk Münchwilen,2015,121,Römisch-katholisch,3204, 
4761,Sirnach,2014,Bezirk Münchwilen,2015,0,Übrige,2643, 
4776,Tobel-Tägerschen,2014,Bezirk Münchwilen,2015,111,Evangelisch-reformiert,456, 
4776,Tobel-Tägerschen,2014,Bezirk Münchwilen,2015,121,Römisch-katholisch,695, 
4776,Tobel-Tägerschen,2014,Bezirk Münchwilen,2015,0,Übrige,400, 
4781,Wängi,2014,Bezirk Münchwilen,2015,111,Evangelisch-reformiert,1624, 
4781,Wängi,2014,Bezirk Münchwilen,2015,121,Römisch-katholisch,1792, 
4781,Wängi,2014,Bezirk Münchwilen,2015,0,Übrige,1160, 
4786,Wilen,2014,Bezirk Münchwilen,2015,111,Evangelisch-reformiert,598, 
4786,Wilen,2014,Bezirk Münchwilen,2015,121,Römisch-katholisch,1296, 
4786,Wilen,2014,Bezirk Münchwilen,2015,0,Übrige,562, 
4791,Wuppenau,2015,Bezirk Weinfelden,2015,111,Evangelisch-reformiert,302, 
4791,Wuppenau,2015,Bezirk Weinfelden,2015,121,Römisch-katholisch,602, 
4791,Wuppenau,2015,Bezirk Weinfelden,2015,0,Übrige,216, 
4801,Berlingen,2012,Bezirk Frauenfeld,2015,111,Evangelisch-reformiert,393, 
4801,Berlingen,2012,Bezirk Frauenfeld,2015,121,Römisch-katholisch,203, 
4801,Berlingen,2012,Bezirk Frauenfeld,2015,0,Übrige,267, 
4806,Eschenz,2012,Bezirk Frauenfeld,2015,111,Evangelisch-reformiert,640, 
4806,Eschenz,2012,Bezirk Frauenfeld,2015,121,Römisch-katholisch,573, 
4806,Eschenz,2012,Bezirk Frauenfeld,2015,0,Übrige,506, 
4811,Herdern,2012,Bezirk Frauenfeld,2015,111,Evangelisch-reformiert,415, 
4811,Herdern,2012,Bezirk Frauenfeld,2015,121,Römisch-katholisch,321, 
4811,Herdern,2012,Bezirk Frauenfeld,2015,0,Übrige,275, 
4816,Homburg,2012,Bezirk Frauenfeld,2015,111,Evangelisch-reformiert,666, 
4816,Homburg,2012,Bezirk Frauenfeld,2015,121,Römisch-katholisch,531, 
4816,Homburg,2012,Bezirk Frauenfeld,2015,0,Übrige,313, 
4821,Hüttwilen,2012,Bezirk Frauenfeld,2015,111,Evangelisch-reformiert,850, 
4821,Hüttwilen,2012,Bezirk Frauenfeld,2015,121,Römisch-katholisch,369, 
4821,Hüttwilen,2012,Bezirk Frauenfeld,2015,0,Übrige,446, 
4826,Mammern,2012,Bezirk Frauenfeld,2015,111,Evangelisch-reformiert,244, 
4826,Mammern,2012,Bezirk Frauenfeld,2015,121,Römisch-katholisch,209, 
4826,Mammern,2012,Bezirk Frauenfeld,2015,0,Übrige,172, 
4831,Müllheim,2012,Bezirk Frauenfeld,2015,111,Evangelisch-reformiert,1173, 
4831,Müllheim,2012,Bezirk Frauenfeld,2015,121,Römisch-katholisch,728, 
4831,Müllheim,2012,Bezirk Frauenfeld,2015,0,Übrige,978, 
4841,Pfyn,2012,Bezirk Frauenfeld,2015,111,Evangelisch-reformiert,850, 
4841,Pfyn,2012,Bezirk Frauenfeld,2015,121,Römisch-katholisch,515, 
4841,Pfyn,2012,Bezirk Frauenfeld,2015,0,Übrige,567, 
4846,Raperswilen,2013,Bezirk Kreuzlingen,2015,111,Evangelisch-reformiert,247, 
4846,Raperswilen,2013,Bezirk Kreuzlingen,2015,121,Römisch-katholisch,60, 
4846,Raperswilen,2013,Bezirk Kreuzlingen,2015,0,Übrige,89, 
4851,Salenstein,2013,Bezirk Kreuzlingen,2015,111,Evangelisch-reformiert,532, 
4851,Salenstein,2013,Bezirk Kreuzlingen,2015,121,Römisch-katholisch,343, 
4851,Salenstein,2013,Bezirk Kreuzlingen,2015,0,Übrige,406, 
4864,Steckborn,2012,Bezirk Frauenfeld,2015,111,Evangelisch-reformiert,1281, 
4864,Steckborn,2012,Bezirk Frauenfeld,2015,121,Römisch-katholisch,1188, 
4864,Steckborn,2012,Bezirk Frauenfeld,2015,0,Übrige,1247, 
4871,Wagenhausen,2012,Bezirk Frauenfeld,2015,111,Evangelisch-reformiert,820, 
4871,Wagenhausen,2012,Bezirk Frauenfeld,2015,121,Römisch-katholisch,269, 
4871,Wagenhausen,2012,Bezirk Frauenfeld,2015,0,Übrige,583, 
4881,Amlikon-Bissegg,2015,Bezirk Weinfelden,2015,111,Evangelisch-reformiert,586, 
4881,Amlikon-Bissegg,2015,Bezirk Weinfelden,2015,121,Römisch-katholisch,335, 
4881,Amlikon-Bissegg,2015,Bezirk Weinfelden,2015,0,Übrige,399, 
4891,Berg,2015,Bezirk Weinfelden,2015,111,Evangelisch-reformiert,1615, 
4891,Berg,2015,Bezirk Weinfelden,2015,121,Römisch-katholisch,912, 
4891,Berg,2015,Bezirk Weinfelden,2015,0,Übrige,772, 
4901,Birwinken,2015,Bezirk Weinfelden,2015,111,Evangelisch-reformiert,697, 
4901,Birwinken,2015,Bezirk Weinfelden,2015,121,Römisch-katholisch,249, 
4901,Birwinken,2015,Bezirk Weinfelden,2015,0,Übrige,408, 
4911,Bürglen,2015,Bezirk Weinfelden,2015,111,Evangelisch-reformiert,1248, 
4911,Bürglen,2015,Bezirk Weinfelden,2015,121,Römisch-katholisch,1035, 
4911,Bürglen,2015,Bezirk Weinfelden,2015,0,Übrige,1396, 
4921,Bussnang,2015,Bezirk Weinfelden,2015,111,Evangelisch-reformiert,1036, 
4921,Bussnang,2015,Bezirk Weinfelden,2015,121,Römisch-katholisch,617, 
4921,Bussnang,2015,Bezirk Weinfelden,2015,0,Übrige,609, 
4941,Märstetten,2015,Bezirk Weinfelden,2015,111,Evangelisch-reformiert,1246, 
4941,Märstetten,2015,Bezirk Weinfelden,2015,121,Römisch-katholisch,680, 
4941,Märstetten,2015,Bezirk Weinfelden,2015,0,Übrige,818, 
4946,Weinfelden,2015,Bezirk Weinfelden,2015,111,Evangelisch-reformiert,4295, 
4946,Weinfelden,2015,Bezirk Weinfelden,2015,121,Römisch-katholisch,3296, 
4946,Weinfelden,2015,Bezirk Weinfelden,2015,0,Übrige,3556, 
4951,Wigoltingen,2015,Bezirk Weinfelden,2015,111,Evangelisch-reformiert,1092, 
4951,Wigoltingen,2015,Bezirk Weinfelden,2015,121,Römisch-katholisch,655, 
4951,Wigoltingen,2015,Bezirk Weinfelden,2015,0,Übrige,622, 
